customerID,gender,SeniorCitizen,tenure,PhoneService,InternetService,MonthlyCharges,TotalCharges,Churn
CUST00001,Male,0,58,Yes,No,53.36,2729.9,No
CUST00002,Male,0,8,Yes,Fiber optic,92.86,663.33,No
CUST00003,Male,0,59,Yes,DSL,36.59,2178.57,No
CUST00004,Female,0,58,No,Fiber optic,46.45,2871.94,Yes
CUST00005,Male,1,21,No,DSL,64.38,,No
CUST00006,Male,0,62,Yes,No,55.69,4052.27,No
CUST00007,Female,0,1,No,Fiber optic,94.01,88.67,Yes
CUST00008,Male,1,20,No,Fiber optic,33.17,725.9,Yes
CUST00009,Female,0,7,No,DSL,91.68,587.42,No
CUST00010,Male,0,46,Yes,No,42.66,1615.16,No
CUST00011,Female,0,41,Yes,DSL,64.42,2974.07,No
CUST00012,Male,0,29,No,No,67.4,1697.39,No
CUST00013,Female,1,0,Yes,Fiber optic,84.68,,Yes
CUST00014,Female,0,7,No,DSL,102.97,777.9,Yes
CUST00015,Female,1,24,No,Fiber optic,71.7,1765.72,Yes
CUST00016,Female,0,0,No,Fiber optic,61.7,,No
CUST00017,Female,1,8,No,Fiber optic,62.32,441.04,Yes
CUST00018,Female,0,7,No,No,92.12,711.94,No
CUST00019,Female,0,18,Yes,DSL,28.06,479.97,No
CUST00020,Female,0,48,No,Fiber optic,59.9,2506.93,No
CUST00021,Male,0,9,Yes,No,104.63,1009.22,Yes
CUST00022,Male,1,39,No,DSL,65.87,2768.51,Yes
CUST00023,Female,0,55,No,DSL,89.94,5496.57,No
CUST00024,Female,0,50,Yes,Fiber optic,59.94,2912.45,No
CUST00025,Male,0,2,No,Fiber optic,94.94,207.01,Yes
CUST00026,Male,0,10,Yes,DSL,99.42,958.57,Yes
CUST00027,Female,0,7,No,DSL,109.81,745.73,Yes
CUST00028,Female,0,26,No,DSL,69.41,2026.05,No
CUST00029,Female,0,33,No,Fiber optic,44.73,1225.06,No
CUST00030,Female,1,25,No,Fiber optic,77.5,1842.73,No
CUST00031,Male,0,33,No,DSL,28.85,786.05,No
CUST00032,Male,1,17,No,Fiber optic,58.45,1143.07,No
CUST00033,Male,0,12,Yes,DSL,40.71,536.51,No
CUST00034,Female,1,1,Yes,DSL,74.4,72.61,Yes
CUST00035,Female,0,66,Yes,Fiber optic,68.61,,No
CUST00036,Female,0,6,Yes,DSL,84.13,509.4,No
CUST00037,Male,1,47,Yes,Fiber optic,64.7,3336.38,No
CUST00038,Female,0,6,No,No,61.86,382.32,No
CUST00039,Male,0,46,Yes,DSL,40.59,1763.69,No
CUST00040,Female,0,37,No,DSL,25.33,1206.28,No
CUST00041,Female,0,49,No,No,60.04,2453.26,No
CUST00042,Female,1,32,No,Fiber optic,44.07,1446.61,No
CUST00043,Female,0,12,Yes,DSL,80.87,1086.77,No
CUST00044,Male,0,18,Yes,Fiber optic,71.92,1231.56,Yes
CUST00045,Male,0,60,No,DSL,58.41,3414.28,No
CUST00046,Female,1,69,No,DSL,39.34,2403.72,Yes
CUST00047,Female,0,28,Yes,Fiber optic,44.14,1136.41,No
CUST00048,Male,1,4,No,Fiber optic,78.7,332.57,Yes
CUST00049,Female,0,24,Yes,Fiber optic,39.66,730.71,No
CUST00050,Female,0,43,No,DSL,89.22,4086.21,No
CUST00051,Female,0,34,Yes,Fiber optic,45.52,1458.16,Yes
CUST00052,Male,0,30,Yes,DSL,43.99,1594.69,No
CUST00053,Male,0,28,Yes,DSL,75.96,2157.0,No
CUST00054,Male,0,25,No,No,46.73,1029.91,No
CUST00055,Male,0,17,No,No,78.7,1317.98,No
CUST00056,Female,0,8,No,Fiber optic,102.68,889.55,Yes
CUST00057,Female,0,35,Yes,No,95.45,3385.14,No
CUST00058,Male,0,50,Yes,DSL,83.91,3980.84,No
CUST00059,Female,0,24,No,DSL,71.79,1671.89,No
CUST00060,Male,0,44,No,No,40.13,2171.29,No
CUST00061,Male,1,57,Yes,DSL,99.46,,No
CUST00062,Male,0,2,Yes,Fiber optic,108.51,230.74,No
CUST00063,Female,1,0,No,No,105.49,,No
CUST00064,Male,0,25,No,No,22.55,505.04,No
CUST00065,Male,0,47,No,DSL,75.27,3242.14,No
CUST00066,Female,1,5,No,DSL,94.27,422.77,No
CUST00067,Female,0,23,Yes,Fiber optic,84.13,1765.51,No
CUST00068,Female,0,0,Yes,DSL,69.8,,No
CUST00069,Male,1,3,Yes,DSL,88.19,258.27,No
CUST00070,Male,1,1,No,DSL,72.61,81.16,Yes
CUST00071,Male,0,1,Yes,Fiber optic,83.39,77.67,No
CUST00072,Male,0,11,No,No,103.33,1035.29,No
CUST00073,Male,1,2,Yes,Fiber optic,97.85,209.51,No
CUST00074,Male,1,64,No,Fiber optic,64.08,3640.59,No
CUST00075,Male,0,56,No,No,99.12,5846.11,No
CUST00076,Male,1,46,No,DSL,97.57,4120.79,No
CUST00077,Male,0,6,Yes,No,86.02,474.23,Yes
CUST00078,Male,0,44,Yes,Fiber optic,71.35,2738.37,No
CUST00079,Male,0,71,No,Fiber optic,49.65,3604.0,Yes
CUST00080,Male,1,7,No,Fiber optic,66.27,396.3,No
CUST00081,Female,1,60,No,Fiber optic,51.14,2559.83,No
CUST00082,Male,1,41,No,DSL,48.09,1856.48,No
CUST00083,Female,0,9,Yes,Fiber optic,61.21,536.63,No
CUST00084,Female,0,63,No,No,24.33,1571.26,No
CUST00085,Female,0,39,Yes,DSL,66.91,2836.84,No
CUST00086,Female,1,33,Yes,DSL,61.84,2096.05,No
CUST00087,Male,0,1,Yes,Fiber optic,96.8,103.43,Yes
CUST00088,Female,0,13,Yes,Fiber optic,62.92,788.01,No
CUST00089,Male,0,21,Yes,DSL,86.13,1853.68,No
CUST00090,Male,0,69,Yes,DSL,80.94,5351.07,No
CUST00091,Female,0,57,No,Fiber optic,83.13,5005.74,No
CUST00092,Male,0,69,No,Fiber optic,20.29,1966.38,No
CUST00093,Female,0,17,No,Fiber optic,66.14,1166.94,Yes
CUST00094,Male,1,70,Yes,DSL,32.11,1779.91,No
CUST00095,Female,1,67,No,No,55.79,3981.53,No
CUST00096,Female,0,0,No,DSL,82.81,,Yes
CUST00097,Male,0,72,Yes,DSL,21.33,2178.86,No
CUST00098,Male,0,19,No,DSL,35.71,538.95,No
CUST00099,Male,0,67,No,DSL,46.97,,No
CUST00100,Male,0,34,Yes,DSL,32.6,924.45,No
CUST00101,Female,0,61,No,Fiber optic,78.5,4653.98,No
CUST00102,Male,0,46,Yes,Fiber optic,92.96,4310.54,No
CUST00103,Male,1,46,No,Fiber optic,52.9,2892.26,Yes
CUST00104,Male,1,67,No,DSL,79.9,5008.65,No
CUST00105,Female,0,46,No,No,72.17,2886.66,No
CUST00106,Female,0,4,Yes,Fiber optic,61.89,233.48,No
CUST00107,Female,0,40,No,DSL,59.1,2168.44,No
CUST00108,Male,1,51,No,Fiber optic,68.72,3780.59,Yes
CUST00109,Male,1,0,Yes,No,86.86,,Yes
CUST00110,Female,0,66,Yes,Fiber optic,39.18,2977.21,No
CUST00111,Male,0,72,Yes,Fiber optic,35.89,2934.98,No
CUST00112,Female,0,3,Yes,Fiber optic,104.65,324.57,Yes
CUST00113,Male,0,0,Yes,Fiber optic,82.16,,No
CUST00114,Male,0,38,Yes,Fiber optic,33.23,1641.43,Yes
CUST00115,Male,1,41,No,Fiber optic,24.84,902.74,Yes
CUST00116,Female,0,64,No,DSL,64.95,3796.91,No
CUST00117,Male,0,8,Yes,Fiber optic,89.06,784.4,No
CUST00118,Male,0,30,No,Fiber optic,33.38,813.26,No
CUST00119,Female,1,28,Yes,Fiber optic,42.75,1222.07,No
CUST00120,Female,0,28,Yes,Fiber optic,58.24,1709.01,No
CUST00121,Female,0,56,Yes,DSL,45.29,2861.38,No
CUST00122,Female,0,12,No,DSL,70.95,859.93,No
CUST00123,Male,0,39,No,Fiber optic,97.79,3441.31,No
CUST00124,Male,0,49,No,No,77.16,3373.37,No
CUST00125,Male,0,59,Yes,DSL,67.69,3712.43,No
CUST00126,Male,0,3,No,Fiber optic,93.02,300.37,No
CUST00127,Female,0,71,Yes,DSL,96.5,6964.94,No
CUST00128,Male,1,2,Yes,No,105.31,190.72,No
CUST00129,Male,1,30,No,DSL,37.54,,Yes
CUST00130,Female,0,3,No,Fiber optic,81.09,250.75,No
CUST00131,Male,0,59,No,DSL,95.56,5216.46,No
CUST00132,Male,0,66,Yes,DSL,24.74,1564.35,No
CUST00133,Female,0,42,No,DSL,50.19,2393.34,No
CUST00134,Female,0,56,No,DSL,20.07,967.85,No
CUST00135,Male,0,23,Yes,Fiber optic,72.35,1790.79,No
CUST00136,Female,0,62,No,No,72.52,4372.08,No
CUST00137,Male,1,33,No,DSL,48.06,1816.18,No
CUST00138,Male,1,50,No,No,63.66,2695.48,No
CUST00139,Female,0,6,Yes,DSL,66.88,357.04,No
CUST00140,Male,0,25,Yes,Fiber optic,59.97,1737.39,No
CUST00141,Male,0,12,Yes,Fiber optic,61.02,652.02,No
CUST00142,Male,0,10,Yes,Fiber optic,97.81,1028.76,Yes
CUST00143,Female,0,7,No,DSL,62.75,399.61,No
CUST00144,Female,0,41,No,DSL,47.7,1763.17,No
CUST00145,Female,1,0,Yes,DSL,100.28,,Yes
CUST00146,Female,0,2,Yes,No,68.27,151.44,No
CUST00147,Male,1,4,No,No,86.87,340.29,No
CUST00148,Female,0,5,No,DSL,98.42,521.36,Yes
CUST00149,Female,1,4,No,Fiber optic,73.92,310.51,Yes
CUST00150,Female,0,19,No,DSL,44.75,715.26,No
CUST00151,Male,0,70,Yes,DSL,77.79,4936.5,No
CUST00152,Male,0,21,No,Fiber optic,44.81,987.25,No
CUST00153,Female,0,55,Yes,DSL,77.76,4296.77,No
CUST00154,Male,0,56,Yes,DSL,72.85,4595.93,No
CUST00155,Male,1,68,No,Fiber optic,23.19,1789.42,No
CUST00156,Male,0,21,No,Fiber optic,69.6,1354.74,Yes
CUST00157,Male,1,1,Yes,Fiber optic,109.94,119.04,Yes
CUST00158,Female,0,45,Yes,No,46.93,2046.99,No
CUST00159,Male,0,6,Yes,DSL,77.27,483.9,Yes
CUST00160,Male,1,5,Yes,Fiber optic,71.21,337.19,Yes
CUST00161,Male,0,6,Yes,DSL,105.39,640.84,Yes
CUST00162,Female,0,39,No,DSL,53.9,1923.21,No
CUST00163,Male,0,57,No,DSL,43.14,2733.54,No
CUST00164,Female,1,63,No,No,50.29,2598.21,No
CUST00165,Male,1,2,Yes,DSL,83.84,169.62,Yes
CUST00166,Male,0,45,No,DSL,94.36,4277.37,No
CUST00167,Female,1,10,No,Fiber optic,67.51,756.0,No
CUST00168,Male,0,63,No,DSL,75.73,5267.61,No
CUST00169,Male,1,2,No,Fiber optic,74.9,138.71,Yes
CUST00170,Female,0,0,No,Fiber optic,91.46,,Yes
CUST00171,Female,0,66,Yes,Fiber optic,29.95,1667.15,Yes
CUST00172,Male,0,35,No,Fiber optic,51.68,1617.85,No
CUST00173,Male,0,10,No,DSL,89.17,964.52,No
CUST00174,Male,0,57,Yes,DSL,63.84,3152.66,No
CUST00175,Female,1,66,No,Fiber optic,63.65,4355.15,No
CUST00176,Male,0,12,Yes,Fiber optic,86.05,1039.54,No
CUST00177,Female,1,12,Yes,DSL,98.53,1215.19,No
CUST00178,Female,1,16,No,Fiber optic,67.47,1065.99,No
CUST00179,Male,0,11,Yes,Fiber optic,95.34,1156.43,No
CUST00180,Male,0,1,No,Fiber optic,109.49,111.5,Yes
CUST00181,Female,0,12,Yes,DSL,53.86,658.59,No
CUST00182,Female,0,0,No,No,81.03,,Yes
CUST00183,Male,1,40,Yes,DSL,56.95,2540.46,No
CUST00184,Male,0,70,No,Fiber optic,89.81,6736.88,No
CUST00185,Male,0,3,No,Fiber optic,62.22,198.02,No
CUST00186,Male,0,7,No,DSL,78.82,583.48,No
CUST00187,Male,0,61,No,No,70.26,3795.27,No
CUST00188,Female,0,1,Yes,Fiber optic,101.17,106.22,Yes
CUST00189,Male,0,12,Yes,Fiber optic,45.21,,Yes
CUST00190,Male,1,20,Yes,Fiber optic,85.51,1683.87,No
CUST00191,Male,0,66,Yes,DSL,26.15,1298.52,No
CUST00192,Male,0,27,No,Fiber optic,89.63,2338.5,No
CUST00193,Female,0,4,No,Fiber optic,65.67,266.03,No
CUST00194,Male,0,19,No,DSL,78.54,1437.57,No
CUST00195,Male,0,48,Yes,Fiber optic,22.39,1424.39,No
CUST00196,Male,1,9,No,Fiber optic,84.88,678.24,Yes
CUST00197,Male,0,22,No,DSL,66.19,1487.57,No
CUST00198,Male,0,12,No,Fiber optic,22.33,297.59,No
CUST00199,Female,0,10,No,DSL,74.77,659.37,No
CUST00200,Male,1,66,Yes,DSL,47.55,2494.19,No
CUST00201,Female,0,40,Yes,Fiber optic,70.3,2560.48,Yes
CUST00202,Male,0,19,Yes,No,36.68,751.85,No
CUST00203,Male,0,15,No,No,43.13,692.97,No
CUST00204,Male,0,12,No,No,51.54,697.7,No
CUST00205,Female,0,8,No,DSL,91.91,813.52,Yes
CUST00206,Female,1,17,No,DSL,51.06,747.76,Yes
CUST00207,Female,0,10,Yes,Fiber optic,79.22,722.7,No
CUST00208,Female,0,57,Yes,DSL,25.91,1119.98,No
CUST00209,Male,0,5,No,Fiber optic,98.98,,Yes
CUST00210,Male,0,4,No,Fiber optic,88.44,368.31,Yes
CUST00211,Female,0,23,Yes,No,46.89,1007.95,No
CUST00212,Female,0,24,Yes,Fiber optic,82.71,1834.47,No
CUST00213,Female,0,2,No,No,74.46,144.57,Yes
CUST00214,Male,0,6,No,DSL,94.44,558.02,Yes
CUST00215,Female,0,24,Yes,Fiber optic,45.79,1338.63,No
CUST00216,Female,0,1,Yes,Fiber optic,97.87,,Yes
CUST00217,Male,0,8,Yes,No,93.3,691.37,Yes
CUST00218,Male,0,7,No,Fiber optic,76.12,597.86,No
CUST00219,Female,0,24,Yes,Fiber optic,26.1,420.35,Yes
CUST00220,Male,0,10,No,Fiber optic,82.77,811.3,Yes
CUST00221,Female,1,12,Yes,No,35.3,372.41,No
CUST00222,Female,1,12,Yes,DSL,81.19,912.77,No
CUST00223,Male,1,21,No,Fiber optic,22.66,534.6,No
CUST00224,Female,0,21,No,DSL,45.6,978.87,No
CUST00225,Male,0,11,No,No,74.48,799.2,No
CUST00226,Female,0,68,Yes,No,20.65,1013.28,No
CUST00227,Male,1,0,Yes,DSL,89.04,,Yes
CUST00228,Female,0,68,No,Fiber optic,60.38,3468.02,No
CUST00229,Male,0,12,No,DSL,25.8,206.96,No
CUST00230,Male,0,71,No,DSL,34.83,2620.04,No
CUST00231,Male,0,7,No,Fiber optic,88.35,639.18,Yes
CUST00232,Male,0,15,No,Fiber optic,35.37,588.36,No
CUST00233,Female,1,31,No,Fiber optic,47.49,1541.26,No
CUST00234,Male,0,61,No,No,51.69,3750.03,No
CUST00235,Female,1,27,Yes,DSL,53.79,1394.85,No
CUST00236,Female,0,71,No,No,82.52,5874.41,No
CUST00237,Female,0,7,Yes,No,62.11,450.12,No
CUST00238,Female,0,24,Yes,DSL,97.85,2117.14,No
CUST00239,Male,1,5,Yes,DSL,68.13,359.6,No
CUST00240,Male,0,30,Yes,DSL,32.04,1144.82,No
CUST00241,Male,1,38,Yes,Fiber optic,96.47,3317.25,No
CUST00242,Male,0,41,Yes,DSL,41.49,1447.91,No
CUST00243,Female,0,18,No,Fiber optic,37.05,501.82,No
CUST00244,Female,0,63,No,DSL,49.41,,No
CUST00245,Male,0,66,No,Fiber optic,71.88,4980.76,No
CUST00246,Male,0,2,No,Fiber optic,95.12,206.77,Yes
CUST00247,Female,0,49,Yes,Fiber optic,74.19,3915.78,No
CUST00248,Male,0,51,Yes,DSL,99.59,5431.54,No
CUST00249,Male,0,11,No,DSL,88.43,1079.74,No
CUST00250,Female,1,27,Yes,No,60.89,1632.11,No
CUST00251,Male,0,30,Yes,Fiber optic,83.16,2242.31,No
CUST00252,Female,0,11,No,DSL,86.66,936.58,Yes
CUST00253,Female,0,46,No,Fiber optic,30.56,1836.67,Yes
CUST00254,Male,0,0,Yes,Fiber optic,91.4,,No
CUST00255,Male,1,4,Yes,Fiber optic,78.06,346.86,Yes
CUST00256,Female,0,15,Yes,Fiber optic,31.45,572.0,No
CUST00257,Female,0,61,No,Fiber optic,49.33,3596.6,Yes
CUST00258,Female,1,4,No,Fiber optic,64.99,280.99,Yes
CUST00259,Male,0,64,Yes,DSL,93.09,5783.32,No
CUST00260,Female,1,60,Yes,DSL,22.19,,No
CUST00261,Female,0,54,Yes,DSL,42.93,,No
CUST00262,Male,0,10,No,Fiber optic,92.87,937.46,Yes
CUST00263,Female,1,38,No,Fiber optic,36.88,1239.83,No
CUST00264,Female,0,46,Yes,DSL,63.83,3070.5,No
CUST00265,Female,0,35,No,DSL,32.4,1406.06,No
CUST00266,Female,0,43,No,Fiber optic,84.84,3384.62,Yes
CUST00267,Male,0,41,Yes,Fiber optic,66.02,2371.31,No
CUST00268,Female,0,44,No,DSL,97.23,4087.74,No
CUST00269,Female,1,11,No,No,70.18,831.38,No
CUST00270,Female,1,7,Yes,DSL,84.28,617.33,No
CUST00271,Male,1,50,Yes,No,82.2,3810.74,Yes
CUST00272,Female,0,42,Yes,DSL,70.62,2662.42,No
CUST00273,Female,0,1,No,Fiber optic,76.12,71.08,Yes
CUST00274,Male,1,11,Yes,DSL,62.26,790.62,No
CUST00275,Female,0,22,No,Fiber optic,38.77,1038.45,No
CUST00276,Male,0,12,No,No,86.02,,No
CUST00277,Male,0,2,Yes,DSL,76.34,159.79,No
CUST00278,Female,1,1,No,No,76.33,67.7,No
CUST00279,Male,0,6,Yes,DSL,63.8,436.97,No
CUST00280,Female,0,8,Yes,No,100.5,736.31,Yes
CUST00281,Male,0,7,No,DSL,73.8,,Yes
CUST00282,Female,0,6,Yes,No,61.67,320.71,No
CUST00283,Male,0,10,No,Fiber optic,61.98,715.85,No
CUST00284,Female,0,45,No,Fiber optic,72.06,3440.53,No
CUST00285,Female,0,12,No,DSL,51.62,530.42,No
CUST00286,Male,0,27,No,DSL,44.33,956.52,No
CUST00287,Male,1,2,No,Fiber optic,100.74,203.56,No
CUST00288,Male,0,3,No,No,92.66,304.13,Yes
CUST00289,Female,0,42,Yes,DSL,88.61,4106.67,No
CUST00290,Female,0,0,No,DSL,78.04,,No
CUST00291,Male,0,0,No,No,94.07,,Yes
CUST00292,Male,0,60,No,Fiber optic,76.7,4675.54,Yes
CUST00293,Male,0,13,No,Fiber optic,48.75,743.56,Yes
CUST00294,Male,0,69,Yes,Fiber optic,80.46,5477.92,Yes
CUST00295,Male,1,33,No,Fiber optic,61.39,2172.04,Yes
CUST00296,Male,0,41,Yes,Fiber optic,65.33,2417.09,Yes
CUST00297,Male,0,7,No,No,88.31,670.77,No
CUST00298,Female,0,18,No,No,43.41,673.52,No
CUST00299,Female,1,10,Yes,Fiber optic,90.23,974.65,No
CUST00300,Female,1,9,No,DSL,81.82,682.76,No
CUST00301,Male,1,26,Yes,DSL,26.54,737.09,Yes
CUST00302,Male,0,8,No,No,88.77,718.92,Yes
CUST00303,Female,0,33,No,DSL,27.61,690.78,No
CUST00304,Female,1,33,Yes,No,98.97,3339.52,No
CUST00305,Male,1,54,No,DSL,27.63,1616.95,No
CUST00306,Male,0,9,No,Fiber optic,74.43,747.98,Yes
CUST00307,Male,0,39,No,DSL,28.33,1295.41,No
CUST00308,Female,0,61,Yes,DSL,63.28,3578.16,No
CUST00309,Female,0,48,No,DSL,53.65,2103.51,No
CUST00310,Female,1,53,No,Fiber optic,52.47,3154.42,No
CUST00311,Female,1,11,Yes,Fiber optic,61.37,749.11,No
CUST00312,Male,0,56,No,DSL,53.7,2517.95,No
CUST00313,Female,0,20,No,Fiber optic,43.68,768.2,Yes
CUST00314,Male,1,25,No,No,21.98,407.87,No
CUST00315,Female,0,40,Yes,DSL,41.95,1846.18,No
CUST00316,Female,0,10,No,No,81.26,794.04,Yes
CUST00317,Male,1,5,No,Fiber optic,71.39,367.32,No
CUST00318,Female,1,0,Yes,DSL,102.81,,No
CUST00319,Male,0,59,No,Fiber optic,37.55,1906.22,No
CUST00320,Female,0,7,No,Fiber optic,87.02,604.89,No
CUST00321,Male,0,3,Yes,DSL,96.18,272.5,No
CUST00322,Male,0,8,No,Fiber optic,80.32,599.65,No
CUST00323,Male,0,72,Yes,DSL,90.8,6859.65,No
CUST00324,Female,0,10,No,DSL,63.41,677.27,No
CUST00325,Male,1,44,Yes,DSL,67.61,2544.85,No
CUST00326,Male,0,20,Yes,No,54.55,1120.25,No
CUST00327,Male,0,66,No,DSL,98.56,6392.84,No
CUST00328,Female,0,4,No,DSL,78.53,280.48,Yes
CUST00329,Female,0,71,No,No,79.27,5343.84,No
CUST00330,Female,1,4,No,Fiber optic,96.97,390.97,Yes
CUST00331,Male,1,55,Yes,DSL,97.71,5582.18,No
CUST00332,Male,0,1,Yes,Fiber optic,86.96,80.14,Yes
CUST00333,Female,0,70,No,No,86.58,5708.06,No
CUST00334,Male,1,4,No,No,68.09,280.04,No
CUST00335,Female,1,61,No,Fiber optic,65.34,4583.95,Yes
CUST00336,Female,0,11,Yes,Fiber optic,94.22,996.51,Yes
CUST00337,Female,0,40,No,No,22.53,764.36,No
CUST00338,Male,1,9,No,Fiber optic,78.53,643.86,Yes
CUST00339,Female,1,27,No,Fiber optic,40.07,1307.63,No
CUST00340,Female,0,26,Yes,Fiber optic,30.42,541.54,Yes
CUST00341,Female,1,67,No,Fiber optic,20.9,1129.05,No
CUST00342,Female,0,14,No,DSL,82.88,1201.94,No
CUST00343,Female,1,56,Yes,Fiber optic,22.09,1106.24,No
CUST00344,Female,0,63,Yes,DSL,82.48,5210.89,No
CUST00345,Female,0,18,No,DSL,31.6,563.3,No
CUST00346,Female,0,12,No,DSL,43.7,614.29,No
CUST00347,Male,1,23,No,Fiber optic,90.69,1967.71,Yes
CUST00348,Female,0,39,No,Fiber optic,48.5,2219.85,Yes
CUST00349,Male,0,43,Yes,Fiber optic,40.91,1718.38,No
CUST00350,Female,0,6,No,Fiber optic,78.21,411.39,Yes
CUST00351,Female,0,61,Yes,No,47.62,2511.31,No
CUST00352,Male,0,16,No,Fiber optic,69.3,961.76,No
CUST00353,Female,0,11,No,Fiber optic,92.75,969.3,Yes
CUST00354,Male,0,36,No,Fiber optic,73.27,2373.11,No
CUST00355,Female,0,59,No,Fiber optic,20.52,695.2,No
CUST00356,Male,0,12,Yes,Fiber optic,89.22,1109.89,Yes
CUST00357,Male,1,2,Yes,Fiber optic,108.48,219.79,No
CUST00358,Female,0,3,No,Fiber optic,91.19,280.99,Yes
CUST00359,Female,0,70,Yes,DSL,70.1,4306.7,No
CUST00360,Male,0,58,No,No,70.74,3835.16,No
CUST00361,Female,0,5,Yes,DSL,64.87,362.51,No
CUST00362,Male,0,44,Yes,DSL,49.02,,No
CUST00363,Female,0,12,No,DSL,98.92,1248.4,No
CUST00364,Male,0,12,No,No,26.56,241.5,No
CUST00365,Male,0,12,Yes,No,90.08,1121.47,No
CUST00366,Female,0,25,No,DSL,21.62,649.37,No
CUST00367,Male,0,26,No,No,56.64,1492.66,No
CUST00368,Male,1,5,Yes,Fiber optic,72.29,,No
CUST00369,Male,0,52,No,Fiber optic,98.36,5575.53,No
CUST00370,Female,0,65,No,Fiber optic,90.14,5454.62,Yes
CUST00371,Female,0,4,No,DSL,77.25,332.27,Yes
CUST00372,Male,0,10,No,Fiber optic,84.52,909.68,No
CUST00373,Female,1,12,Yes,DSL,71.11,804.77,No
CUST00374,Female,0,30,Yes,DSL,84.52,2648.63,No
CUST00375,Male,0,6,Yes,Fiber optic,102.2,572.8,Yes
CUST00376,Male,1,10,No,DSL,106.36,1112.7,Yes
CUST00377,Male,0,54,Yes,Fiber optic,69.03,4138.44,No
CUST00378,Male,0,28,Yes,DSL,34.84,1045.62,No
CUST00379,Male,0,5,No,DSL,67.42,307.85,No
CUST00380,Female,0,58,Yes,Fiber optic,76.65,4441.34,No
CUST00381,Male,1,12,Yes,Fiber optic,49.1,529.41,Yes
CUST00382,Female,0,1,No,DSL,68.03,75.63,No
CUST00383,Female,0,5,Yes,DSL,74.04,335.66,Yes
CUST00384,Male,0,7,Yes,Fiber optic,86.0,,Yes
CUST00385,Female,0,63,Yes,No,32.64,,No
CUST00386,Male,0,58,No,No,93.87,5193.23,No
CUST00387,Female,0,9,Yes,Fiber optic,71.85,624.09,Yes
CUST00388,Female,0,6,No,Fiber optic,84.05,,No
CUST00389,Male,1,43,Yes,No,35.12,1535.53,No
CUST00390,Female,1,0,Yes,DSL,94.91,,No
CUST00391,Female,0,64,Yes,No,84.41,5057.83,No
CUST00392,Male,0,10,No,Fiber optic,92.17,1019.59,Yes
CUST00393,Female,0,19,No,DSL,57.71,1180.58,No
CUST00394,Male,0,13,Yes,DSL,74.95,,No
CUST00395,Female,0,11,Yes,Fiber optic,69.41,817.63,No
CUST00396,Male,0,18,Yes,Fiber optic,66.58,1063.67,No
CUST00397,Male,0,9,No,DSL,62.93,568.51,No
CUST00398,Male,0,3,No,Fiber optic,77.05,242.32,Yes
CUST00399,Female,0,41,Yes,Fiber optic,55.12,2198.66,No
CUST00400,Male,0,61,Yes,Fiber optic,80.36,4574.48,No
CUST00401,Female,0,71,No,Fiber optic,61.57,4937.07,Yes
CUST00402,Female,0,15,Yes,DSL,80.49,1314.88,No
CUST00403,Female,1,8,Yes,No,86.27,749.99,Yes
CUST00404,Male,0,1,No,Fiber optic,86.24,89.45,Yes
CUST00405,Female,0,40,No,Fiber optic,37.65,,No
CUST00406,Male,0,5,Yes,Fiber optic,100.08,540.92,Yes
CUST00407,Female,0,30,No,DSL,24.99,,No
CUST00408,Female,0,19,Yes,Fiber optic,57.86,1174.25,No
CUST00409,Female,0,26,Yes,No,62.92,1647.3,No
CUST00410,Female,0,64,Yes,DSL,82.05,5568.89,No
CUST00411,Female,0,67,Yes,Fiber optic,42.07,2680.97,No
CUST00412,Female,0,68,Yes,DSL,96.9,6186.6,No
CUST00413,Female,0,49,Yes,DSL,53.51,2603.79,No
CUST00414,Female,0,12,Yes,Fiber optic,99.83,1168.28,No
CUST00415,Male,0,11,Yes,DSL,68.28,782.54,No
CUST00416,Male,0,12,No,No,50.74,623.6,No
CUST00417,Male,0,43,No,No,53.69,2215.52,No
CUST00418,Female,0,10,Yes,Fiber optic,83.39,846.74,No
CUST00419,Male,0,62,Yes,Fiber optic,56.16,2937.05,Yes
CUST00420,Male,0,1,Yes,Fiber optic,102.98,106.76,Yes
CUST00421,Female,0,11,Yes,Fiber optic,82.72,943.13,Yes
CUST00422,Female,0,58,No,No,97.48,5185.14,No
CUST00423,Male,0,2,Yes,DSL,88.24,191.55,Yes
CUST00424,Male,0,7,Yes,Fiber optic,66.58,478.75,No
CUST00425,Female,0,24,No,DSL,92.99,2342.03,No
CUST00426,Male,1,0,Yes,DSL,64.44,,Yes
CUST00427,Male,0,0,No,DSL,61.44,,No
CUST00428,Male,1,30,No,Fiber optic,54.3,1627.48,Yes
CUST00429,Male,1,65,Yes,DSL,44.93,3267.9,No
CUST00430,Male,1,8,No,Fiber optic,93.78,790.86,Yes
CUST00431,Female,1,12,Yes,DSL,53.02,752.22,Yes
CUST00432,Male,0,65,No,DSL,62.18,4674.11,No
CUST00433,Male,0,28,No,DSL,45.08,1260.49,No
CUST00434,Male,0,5,Yes,Fiber optic,95.63,433.53,No
CUST00435,Female,0,10,No,No,78.42,850.67,Yes
CUST00436,Female,1,15,Yes,Fiber optic,72.38,1009.33,Yes
CUST00437,Female,0,21,Yes,Fiber optic,33.39,521.42,Yes
CUST00438,Female,0,39,No,No,69.54,2623.84,No
CUST00439,Female,0,38,No,Fiber optic,22.58,721.93,No
CUST00440,Male,0,49,Yes,No,73.7,3421.76,No
CUST00441,Male,0,5,No,Fiber optic,103.21,555.02,No
CUST00442,Male,1,35,No,No,84.83,2713.24,No
CUST00443,Female,0,13,No,No,92.98,1139.72,No
CUST00444,Female,1,32,No,Fiber optic,28.84,1134.94,No
CUST00445,Male,0,28,Yes,No,70.23,2210.43,No
CUST00446,Male,0,53,No,No,21.02,1125.78,No
CUST00447,Male,0,1,Yes,DSL,93.58,84.89,No
CUST00448,Female,0,24,Yes,Fiber optic,47.37,1285.14,No
CUST00449,Male,0,54,No,DSL,85.78,4442.57,No
CUST00450,Female,0,60,No,Fiber optic,79.6,4937.34,No
CUST00451,Male,0,9,No,DSL,60.33,623.14,No
CUST00452,Female,0,65,Yes,DSL,52.88,3005.74,No
CUST00453,Male,1,2,Yes,DSL,84.3,,No
CUST00454,Female,0,2,No,Fiber optic,92.51,179.66,No
CUST00455,Female,0,11,No,No,106.45,1187.01,No
CUST00456,Male,0,12,No,DSL,47.57,524.67,No
CUST00457,Female,0,4,No,Fiber optic,82.09,364.85,Yes
CUST00458,Male,0,16,Yes,Fiber optic,89.08,1565.55,No
CUST00459,Male,0,9,Yes,DSL,65.51,507.7,No
CUST00460,Male,1,6,Yes,No,93.97,563.91,Yes
CUST00461,Male,0,38,Yes,DSL,29.0,1197.85,No
CUST00462,Female,0,67,Yes,Fiber optic,29.81,,No
CUST00463,Male,1,0,No,DSL,69.32,,Yes
CUST00464,Male,0,22,No,DSL,90.14,1819.46,No
CUST00465,Female,0,44,No,DSL,92.04,3784.37,No
CUST00466,Male,1,2,No,No,91.16,166.3,Yes
CUST00467,Female,1,0,Yes,Fiber optic,99.43,,Yes
CUST00468,Male,0,25,No,Fiber optic,95.04,2217.15,No
CUST00469,Female,0,7,No,Fiber optic,61.23,498.43,Yes
CUST00470,Male,1,2,Yes,Fiber optic,71.56,143.32,Yes
CUST00471,Male,0,8,No,Fiber optic,88.5,779.15,No
CUST00472,Female,0,35,No,DSL,84.27,3131.18,No
CUST00473,Female,0,62,No,No,44.62,3033.66,No
CUST00474,Male,0,7,Yes,DSL,60.37,,No
CUST00475,Female,1,6,Yes,DSL,75.05,488.58,Yes
CUST00476,Female,0,35,Yes,Fiber optic,30.3,1392.51,No
CUST00477,Male,0,43,Yes,Fiber optic,24.98,688.74,Yes
CUST00478,Female,0,5,No,DSL,85.75,453.09,No
CUST00479,Male,0,69,No,No,69.12,4613.37,No
CUST00480,Male,0,11,Yes,DSL,96.61,1103.78,Yes
CUST00481,Female,0,54,No,Fiber optic,82.95,4166.25,Yes
CUST00482,Male,1,3,No,Fiber optic,85.13,248.46,No
CUST00483,Male,0,70,No,Fiber optic,53.11,4010.17,No
CUST00484,Male,1,5,No,Fiber optic,80.76,380.6,Yes
CUST00485,Female,1,9,Yes,DSL,72.9,624.97,No
CUST00486,Female,0,8,No,No,101.48,844.29,No
CUST00487,Male,0,28,No,Fiber optic,65.05,1822.4,No
CUST00488,Female,0,64,No,Fiber optic,45.79,2467.38,Yes
CUST00489,Female,0,33,Yes,DSL,84.04,2837.04,No
CUST00490,Female,0,45,Yes,No,38.07,1852.15,No
CUST00491,Male,0,3,Yes,DSL,109.61,323.29,Yes
CUST00492,Male,0,70,No,Fiber optic,39.76,3181.11,No
CUST00493,Female,0,9,Yes,No,74.29,724.17,Yes
CUST00494,Female,1,20,No,Fiber optic,59.11,1087.38,Yes
CUST00495,Female,0,54,No,Fiber optic,84.03,4592.6,No
CUST00496,Female,1,68,No,Fiber optic,74.41,5710.67,Yes
CUST00497,Male,0,8,Yes,No,92.29,814.54,No
CUST00498,Female,0,60,Yes,DSL,25.28,2005.73,No
CUST00499,Male,0,5,No,No,109.67,513.28,Yes
CUST00500,Male,0,47,Yes,DSL,88.63,4179.73,No
CUST00501,Male,1,5,No,Fiber optic,82.01,457.41,Yes
CUST00502,Female,1,53,Yes,DSL,78.12,3996.64,No
CUST00503,Female,0,67,Yes,DSL,57.8,4330.31,No
CUST00504,Male,0,30,Yes,Fiber optic,87.31,2635.92,No
CUST00505,Female,1,46,Yes,Fiber optic,27.51,1115.41,No
CUST00506,Male,0,60,No,No,23.56,1175.88,No
CUST00507,Female,0,7,Yes,DSL,103.71,711.65,No
CUST00508,Female,0,50,Yes,DSL,74.22,4024.68,No
CUST00509,Female,0,2,Yes,DSL,104.75,198.95,No
CUST00510,Female,0,10,No,Fiber optic,72.09,814.31,No
CUST00511,Female,0,7,No,Fiber optic,74.72,477.53,No
CUST00512,Male,1,4,Yes,Fiber optic,109.1,403.74,Yes
CUST00513,Male,0,17,Yes,Fiber optic,79.32,1204.25,No
CUST00514,Female,1,33,Yes,DSL,82.9,2605.63,No
CUST00515,Female,0,30,No,DSL,30.2,779.88,No
CUST00516,Male,1,12,Yes,DSL,72.39,913.07,No
CUST00517,Male,0,5,No,No,100.34,473.57,No
CUST00518,Male,0,52,No,DSL,81.09,4484.64,No
CUST00519,Male,0,44,No,DSL,55.05,2779.37,No
CUST00520,Male,0,56,Yes,DSL,37.8,2075.08,No
CUST00521,Male,1,47,Yes,No,98.72,4185.69,No
CUST00522,Female,1,20,Yes,DSL,65.44,1329.94,No
CUST00523,Male,0,53,No,Fiber optic,27.01,1327.34,No
CUST00524,Male,0,49,No,Fiber optic,66.66,3283.06,No
CUST00525,Male,0,10,No,No,102.25,993.99,No
CUST00526,Female,0,14,No,DSL,85.12,1135.57,No
CUST00527,Male,1,3,Yes,Fiber optic,76.17,227.34,Yes
CUST00528,Male,0,49,No,Fiber optic,63.19,2923.86,No
CUST00529,Female,0,30,Yes,DSL,98.76,2816.05,No
CUST00530,Female,0,48,No,No,82.63,3799.81,No
CUST00531,Female,0,4,Yes,DSL,101.31,422.16,Yes
CUST00532,Male,0,38,Yes,DSL,21.46,843.81,No
CUST00533,Male,0,51,No,Fiber optic,88.94,4045.16,No
CUST00534,Female,0,48,No,DSL,75.11,3545.01,No
CUST00535,Male,0,12,Yes,No,50.76,720.33,No
CUST00536,Male,1,13,Yes,DSL,80.08,1118.26,Yes
CUST00537,Female,0,28,No,No,81.86,2108.7,No
CUST00538,Female,0,54,No,Fiber optic,26.39,1399.57,No
CUST00539,Female,0,3,No,No,102.72,316.57,Yes
CUST00540,Female,0,25,No,DSL,32.72,1067.46,No
CUST00541,Female,0,40,No,Fiber optic,96.61,3504.06,No
CUST00542,Male,0,57,Yes,DSL,48.01,2421.88,No
CUST00543,Female,0,54,No,Fiber optic,65.39,4024.67,No
CUST00544,Female,0,3,No,DSL,96.54,313.89,Yes
CUST00545,Female,1,13,No,No,48.38,639.14,No
CUST00546,Male,1,2,No,Fiber optic,80.48,154.48,No
CUST00547,Male,0,67,Yes,DSL,86.78,5724.44,No
CUST00548,Male,0,3,No,DSL,97.05,,Yes
CUST00549,Male,0,1,Yes,DSL,99.04,96.7,Yes
CUST00550,Female,0,30,Yes,DSL,92.95,2603.18,No
CUST00551,Male,0,0,Yes,DSL,103.17,,No
CUST00552,Female,0,37,Yes,Fiber optic,73.61,2769.7,No
CUST00553,Male,0,44,Yes,DSL,98.19,4053.35,No
CUST00554,Female,0,22,No,DSL,46.42,,No
CUST00555,Female,0,62,Yes,No,74.88,,No
CUST00556,Female,0,47,Yes,Fiber optic,60.39,,No
CUST00557,Male,0,1,No,DSL,84.41,74.9,No
CUST00558,Male,0,30,No,DSL,47.09,1645.77,No
CUST00559,Male,0,0,Yes,DSL,72.65,,Yes
CUST00560,Male,0,0,No,No,61.66,,No
CUST00561,Male,0,12,Yes,Fiber optic,93.37,1128.21,No
CUST00562,Male,0,24,No,Fiber optic,25.25,,Yes
CUST00563,Female,0,38,No,Fiber optic,46.56,1545.94,No
CUST00564,Female,0,3,Yes,Fiber optic,103.58,295.03,No
CUST00565,Female,0,1,No,DSL,62.93,68.17,No
CUST00566,Female,1,54,No,DSL,27.51,1299.68,No
CUST00567,Male,0,40,Yes,DSL,67.04,3048.07,No
CUST00568,Female,1,6,Yes,Fiber optic,83.15,518.88,Yes
CUST00569,Male,0,39,No,Fiber optic,86.67,3710.18,No
CUST00570,Male,0,1,Yes,No,97.08,103.39,Yes
CUST00571,Female,1,24,No,Fiber optic,29.91,533.99,Yes
CUST00572,Female,0,12,No,DSL,68.46,,No
CUST00573,Male,1,18,No,Fiber optic,55.83,878.75,No
CUST00574,Male,0,0,No,Fiber optic,78.47,,Yes
CUST00575,Male,0,7,Yes,Fiber optic,96.43,662.47,Yes
CUST00576,Male,0,47,Yes,DSL,50.65,2596.35,No
CUST00577,Male,0,8,No,DSL,69.0,575.59,No
CUST00578,Male,0,6,Yes,No,88.52,584.99,Yes
CUST00579,Male,0,1,Yes,DSL,109.94,113.97,No
CUST00580,Male,0,0,Yes,No,62.29,,No
CUST00581,Male,0,3,No,DSL,62.56,160.28,No
CUST00582,Male,0,6,No,DSL,77.67,446.68,Yes
CUST00583,Female,0,57,Yes,DSL,77.49,4556.37,No
CUST00584,Female,0,2,No,Fiber optic,81.25,147.44,Yes
CUST00585,Female,0,34,Yes,No,70.59,2691.38,No
CUST00586,Female,0,7,Yes,Fiber optic,60.52,393.03,No
CUST00587,Female,1,11,Yes,No,100.59,1200.44,No
CUST00588,Female,0,31,No,DSL,42.11,1237.59,No
CUST00589,Male,1,19,No,DSL,63.81,1289.9,No
CUST00590,Female,0,4,Yes,DSL,86.04,362.58,No
CUST00591,Female,0,20,Yes,DSL,24.46,497.03,No
CUST00592,Male,1,33,Yes,Fiber optic,93.02,3160.84,No
CUST00593,Male,0,62,No,Fiber optic,91.49,6217.43,No
CUST00594,Male,0,9,No,No,106.69,889.95,No
CUST00595,Male,0,6,No,No,103.02,610.85,Yes
CUST00596,Male,0,30,Yes,Fiber optic,20.31,518.21,Yes
CUST00597,Male,1,53,No,DSL,38.22,1900.2,No
CUST00598,Female,0,42,No,DSL,96.11,3834.76,No
CUST00599,Male,0,36,Yes,Fiber optic,64.15,2491.56,Yes
CUST00600,Female,1,38,Yes,No,92.65,3372.33,No
CUST00601,Male,0,60,Yes,DSL,57.61,3778.41,No
CUST00602,Male,0,52,No,DSL,89.87,5079.52,No
CUST00603,Female,0,65,No,DSL,77.83,,No
CUST00604,Male,0,55,Yes,Fiber optic,42.26,2461.02,No
CUST00605,Female,0,31,No,No,86.05,2455.2,No
CUST00606,Male,1,0,No,Fiber optic,94.26,,No
CUST00607,Male,1,25,No,No,83.56,2097.07,No
CUST00608,Male,0,52,Yes,DSL,87.5,4708.28,No
CUST00609,Female,0,56,No,Fiber optic,40.52,2590.47,No
CUST00610,Male,1,1,Yes,Fiber optic,108.74,101.29,Yes
CUST00611,Male,0,25,No,DSL,43.22,847.07,No
CUST00612,Female,0,57,No,DSL,87.21,5114.63,No
CUST00613,Male,0,25,Yes,DSL,42.32,1065.68,No
CUST00614,Male,1,3,No,Fiber optic,82.31,228.69,No
CUST00615,Male,0,45,No,DSL,57.57,2513.82,No
CUST00616,Male,0,3,No,DSL,77.76,240.57,Yes
CUST00617,Female,0,0,Yes,DSL,94.69,,No
CUST00618,Female,1,57,No,No,56.05,3222.51,No
CUST00619,Female,0,53,Yes,Fiber optic,38.73,1941.97,No
CUST00620,Male,0,6,No,No,80.52,437.54,Yes
CUST00621,Female,1,28,No,DSL,36.2,1188.41,No
CUST00622,Male,0,59,Yes,DSL,45.03,2934.15,No
CUST00623,Female,1,17,Yes,Fiber optic,54.82,939.11,No
CUST00624,Male,0,9,Yes,DSL,98.45,873.28,No
CUST00625,Male,0,1,No,DSL,95.24,101.32,No
CUST00626,Female,0,5,Yes,No,65.87,305.56,No
CUST00627,Male,0,61,Yes,No,77.88,4903.85,No
CUST00628,Male,0,71,No,DSL,64.56,4345.18,No
CUST00629,Female,0,60,No,No,45.64,3030.66,No
CUST00630,Female,1,3,Yes,No,108.84,332.95,No
CUST00631,Male,0,8,No,DSL,68.05,476.07,No
CUST00632,Male,0,6,Yes,Fiber optic,66.11,337.61,No
CUST00633,Male,1,4,No,Fiber optic,65.46,290.9,No
CUST00634,Female,1,54,Yes,Fiber optic,31.72,1686.02,No
CUST00635,Female,0,68,No,No,54.18,3897.29,No
CUST00636,Female,0,37,No,No,56.68,2274.81,No
CUST00637,Male,0,0,No,No,73.47,,Yes
CUST00638,Female,1,66,No,DSL,51.56,3618.76,No
CUST00639,Female,0,54,Yes,No,70.8,3899.23,No
CUST00640,Male,0,1,Yes,No,109.44,104.41,No
CUST00641,Male,0,3,Yes,Fiber optic,71.43,191.24,No
CUST00642,Female,0,41,Yes,DSL,39.39,1672.49,No
CUST00643,Female,0,9,Yes,Fiber optic,96.28,871.92,Yes
CUST00644,Male,0,13,Yes,DSL,89.2,1109.12,No
CUST00645,Female,0,5,Yes,No,68.62,,No
CUST00646,Female,0,46,No,Fiber optic,25.5,1056.1,No
CUST00647,Male,0,51,No,No,41.01,2108.24,No
CUST00648,Female,1,22,No,Fiber optic,32.19,786.6,Yes
CUST00649,Male,0,8,Yes,DSL,84.88,747.75,Yes
CUST00650,Female,0,27,No,DSL,67.35,1870.94,No
CUST00651,Male,0,57,Yes,Fiber optic,64.86,,No
CUST00652,Male,0,4,No,DSL,91.24,396.67,Yes
CUST00653,Male,0,58,No,DSL,78.66,4960.24,No
CUST00654,Female,1,9,Yes,No,65.58,644.01,No
CUST00655,Male,0,38,No,Fiber optic,38.31,1427.14,No
CUST00656,Male,0,59,No,Fiber optic,30.64,1286.53,No
CUST00657,Male,0,36,Yes,Fiber optic,62.16,2094.87,No
CUST00658,Female,1,10,No,DSL,85.68,778.84,Yes
CUST00659,Female,0,22,No,Fiber optic,86.03,2082.24,No
CUST00660,Male,0,8,No,Fiber optic,96.12,840.64,Yes
CUST00661,Male,0,5,Yes,Fiber optic,75.8,379.42,Yes
CUST00662,Male,0,7,No,No,91.88,637.31,Yes
CUST00663,Female,0,1,Yes,No,70.3,71.31,Yes
CUST00664,Male,0,65,Yes,Fiber optic,82.53,5806.18,No
CUST00665,Male,0,1,No,Fiber optic,61.89,58.04,No
CUST00666,Male,0,36,No,Fiber optic,61.36,2021.34,No
CUST00667,Female,0,3,Yes,DSL,75.66,222.29,Yes
CUST00668,Female,0,23,Yes,Fiber optic,62.79,1351.44,No
CUST00669,Female,0,3,No,No,71.23,243.41,Yes
CUST00670,Male,0,7,Yes,Fiber optic,108.24,811.33,Yes
CUST00671,Male,1,1,Yes,DSL,63.17,67.39,Yes
CUST00672,Female,0,0,Yes,No,78.91,,No
CUST00673,Female,1,44,Yes,DSL,27.57,1152.02,Yes
CUST00674,Male,0,4,No,DSL,61.58,255.87,No
CUST00675,Male,0,37,Yes,DSL,44.34,1772.53,No
CUST00676,Female,0,37,Yes,DSL,21.47,1073.01,No
CUST00677,Male,0,15,Yes,DSL,56.26,876.95,No
CUST00678,Female,0,31,Yes,No,58.9,1842.55,No
CUST00679,Male,0,26,No,Fiber optic,65.9,1564.99,Yes
CUST00680,Male,0,2,Yes,Fiber optic,107.32,225.26,No
CUST00681,Female,0,62,No,No,53.99,3050.97,No
CUST00682,Male,0,8,No,Fiber optic,84.57,683.89,Yes
CUST00683,Male,1,33,Yes,No,70.04,2486.12,No
CUST00684,Female,0,53,Yes,Fiber optic,57.83,2802.22,No
CUST00685,Male,0,5,Yes,Fiber optic,81.66,456.56,No
CUST00686,Male,0,19,No,DSL,55.19,1204.44,No
CUST00687,Male,0,22,Yes,Fiber optic,99.66,2083.28,Yes
CUST00688,Female,0,18,No,Fiber optic,91.76,1757.14,No
CUST00689,Male,0,0,Yes,No,103.06,,Yes
CUST00690,Male,0,19,Yes,Fiber optic,50.47,814.4,No
CUST00691,Female,0,36,Yes,DSL,37.72,1429.78,No
CUST00692,Female,0,26,No,DSL,35.35,1152.6,No
CUST00693,Male,0,4,No,Fiber optic,84.29,314.74,Yes
CUST00694,Male,0,29,Yes,DSL,61.42,1977.59,No
CUST00695,Female,1,7,No,DSL,61.06,367.83,Yes
CUST00696,Female,0,8,No,No,108.53,867.78,Yes
CUST00697,Male,0,7,No,No,86.96,596.08,Yes
CUST00698,Female,0,40,No,DSL,25.76,791.2,No
CUST00699,Female,0,51,Yes,DSL,91.66,5178.18,No
CUST00700,Male,1,10,No,DSL,101.92,1002.88,Yes
CUST00701,Female,0,53,Yes,DSL,75.23,4045.41,No
CUST00702,Female,0,7,No,DSL,78.71,552.89,Yes
CUST00703,Male,0,48,Yes,Fiber optic,61.5,2948.88,No
CUST00704,Female,0,68,Yes,DSL,74.81,5514.99,No
CUST00705,Male,0,10,No,Fiber optic,78.17,757.82,Yes
CUST00706,Male,0,24,Yes,Fiber optic,90.22,,No
CUST00707,Female,0,15,Yes,No,38.01,551.8,No
CUST00708,Male,1,37,No,DSL,85.8,3132.57,No
CUST00709,Female,0,8,No,DSL,104.69,782.02,Yes
CUST00710,Female,1,2,No,No,81.4,154.97,Yes
CUST00711,Male,0,16,Yes,No,63.48,890.62,No
CUST00712,Male,1,8,Yes,Fiber optic,82.88,718.68,Yes
CUST00713,Male,0,0,No,No,64.13,,No
CUST00714,Female,0,21,Yes,Fiber optic,91.73,2061.47,No
CUST00715,Female,0,26,Yes,DSL,73.27,2057.5,No
CUST00716,Female,1,62,Yes,Fiber optic,47.78,2810.53,Yes
CUST00717,Male,0,11,Yes,DSL,76.88,812.74,Yes
CUST00718,Female,1,62,No,DSL,67.51,3610.84,No
CUST00719,Male,0,6,Yes,Fiber optic,66.56,403.18,No
CUST00720,Female,0,21,No,DSL,83.41,1710.55,No
CUST00721,Female,0,12,Yes,No,38.82,580.08,No
CUST00722,Male,0,26,Yes,Fiber optic,91.7,2575.75,No
CUST00723,Female,0,40,Yes,Fiber optic,42.64,2079.73,Yes
CUST00724,Male,0,33,Yes,Fiber optic,96.96,2905.51,No
CUST00725,Male,0,17,Yes,DSL,88.73,1394.93,No
CUST00726,Female,0,15,No,No,43.49,700.62,No
CUST00727,Male,0,1,No,No,69.95,68.04,No
CUST00728,Male,0,49,No,No,35.95,1332.94,No
CUST00729,Female,0,10,No,DSL,71.88,661.14,No
CUST00730,Female,1,47,Yes,Fiber optic,60.03,3185.76,Yes
CUST00731,Male,0,33,No,DSL,21.18,608.53,No
CUST00732,Male,0,43,No,DSL,53.84,2018.19,No
CUST00733,Female,0,0,No,DSL,70.5,,Yes
CUST00734,Female,0,8,No,DSL,81.09,698.61,No
CUST00735,Male,1,51,No,DSL,56.15,3085.21,No
CUST00736,Female,0,4,No,No,74.0,,Yes
CUST00737,Female,0,72,Yes,No,30.52,1839.99,No
CUST00738,Female,0,8,No,Fiber optic,67.55,520.25,No
CUST00739,Female,0,52,No,DSL,36.91,2378.93,No
CUST00740,Male,1,68,Yes,Fiber optic,48.03,3150.89,No
CUST00741,Female,0,27,Yes,DSL,30.02,559.34,No
CUST00742,Female,0,11,Yes,Fiber optic,69.77,856.67,Yes
CUST00743,Male,0,13,No,Fiber optic,34.89,552.87,Yes
CUST00744,Female,0,35,Yes,No,28.91,1001.87,No
CUST00745,Female,0,8,Yes,No,72.22,621.53,No
CUST00746,Female,0,28,Yes,Fiber optic,83.44,2553.96,No
CUST00747,Female,0,11,No,No,104.91,1242.27,No
CUST00748,Male,0,60,Yes,DSL,24.97,1320.77,No
CUST00749,Female,0,1,Yes,DSL,93.16,100.57,No
CUST00750,Female,0,54,Yes,DSL,51.39,2775.69,No
CUST00751,Male,0,43,Yes,No,90.55,3661.0,No
CUST00752,Male,0,0,Yes,No,98.44,,Yes
CUST00753,Male,0,57,Yes,Fiber optic,99.73,5857.8,Yes
CUST00754,Male,0,45,No,Fiber optic,61.66,2550.18,No
CUST00755,Female,1,56,Yes,Fiber optic,62.99,3789.95,Yes
CUST00756,Female,0,4,No,Fiber optic,85.08,375.95,No
CUST00757,Male,0,12,Yes,Fiber optic,46.21,630.99,No
CUST00758,Male,0,7,No,DSL,77.13,530.5,Yes
CUST00759,Female,0,65,Yes,DSL,45.9,2782.12,No
CUST00760,Male,0,30,Yes,DSL,55.37,1605.8,No
CUST00761,Male,0,56,No,DSL,46.75,2399.18,No
CUST00762,Male,0,10,No,Fiber optic,83.46,819.83,No
CUST00763,Male,0,16,Yes,DSL,72.55,1129.42,No
CUST00764,Female,1,34,Yes,DSL,68.77,2347.69,No
CUST00765,Female,0,68,No,Fiber optic,80.92,4896.71,No
CUST00766,Male,0,60,Yes,No,81.41,5360.32,No
CUST00767,Female,0,53,No,Fiber optic,81.11,4762.77,Yes
CUST00768,Female,0,11,No,Fiber optic,106.95,,Yes
CUST00769,Female,0,1,No,Fiber optic,90.72,96.21,Yes
CUST00770,Male,0,49,No,Fiber optic,46.36,1808.77,No
CUST00771,Male,0,55,Yes,DSL,37.39,1668.75,No
CUST00772,Female,0,28,No,No,76.85,1993.46,No
CUST00773,Female,1,15,Yes,DSL,38.16,627.2,Yes
CUST00774,Female,0,47,Yes,DSL,72.22,3150.66,No
CUST00775,Male,1,46,No,DSL,48.58,1907.7,No
CUST00776,Female,0,12,No,Fiber optic,97.94,1196.81,No
CUST00777,Female,1,72,No,DSL,74.89,5648.85,No
CUST00778,Male,0,38,No,DSL,79.28,3343.28,No
CUST00779,Female,0,43,No,DSL,60.78,2415.7,No
CUST00780,Male,0,63,No,Fiber optic,41.99,,Yes
CUST00781,Male,1,12,Yes,No,39.14,554.8,No
CUST00782,Female,0,14,Yes,No,77.2,1119.42,No
CUST00783,Male,0,71,No,DSL,51.18,4223.6,No
CUST00784,Male,0,38,No,No,22.41,620.38,No
CUST00785,Male,1,8,Yes,Fiber optic,109.08,941.07,Yes
CUST00786,Male,0,66,Yes,DSL,27.2,1861.3,No
CUST00787,Female,0,48,Yes,Fiber optic,89.66,4583.84,Yes
CUST00788,Female,0,69,No,Fiber optic,93.03,6630.35,No
CUST00789,Male,1,12,Yes,DSL,77.33,984.01,No
CUST00790,Male,0,7,Yes,DSL,87.6,650.16,No
CUST00791,Male,1,7,Yes,No,93.62,674.37,No
CUST00792,Female,0,2,Yes,No,60.88,111.44,No
CUST00793,Female,0,37,No,No,56.02,1732.53,No
CUST00794,Female,0,1,Yes,DSL,64.7,62.71,No
CUST00795,Male,1,42,Yes,No,31.28,1314.13,Yes
CUST00796,Male,0,2,Yes,Fiber optic,74.16,151.8,Yes
CUST00797,Male,0,29,Yes,No,21.54,376.1,No
CUST00798,Male,0,55,Yes,Fiber optic,45.95,2819.46,Yes
CUST00799,Female,0,40,No,Fiber optic,58.51,2112.41,No
CUST00800,Female,0,3,No,Fiber optic,91.44,295.27,No
CUST00801,Female,0,42,Yes,No,50.92,1810.73,No
CUST00802,Male,1,9,No,DSL,78.98,796.36,Yes
CUST00803,Male,0,38,Yes,DSL,86.38,3191.6,No
CUST00804,Female,0,43,Yes,DSL,31.7,,No
CUST00805,Male,1,8,No,DSL,99.93,876.71,No
CUST00806,Male,0,10,No,Fiber optic,66.39,672.71,No
CUST00807,Male,0,11,No,Fiber optic,99.48,,No
CUST00808,Male,0,67,No,DSL,99.84,7045.3,No
CUST00809,Male,0,13,Yes,DSL,81.56,1027.43,No
CUST00810,Female,0,2,Yes,DSL,76.19,160.69,No
CUST00811,Female,0,17,Yes,Fiber optic,87.44,1477.9,No
CUST00812,Female,1,9,Yes,DSL,96.37,786.41,No
CUST00813,Female,0,34,Yes,Fiber optic,86.49,2675.52,Yes
CUST00814,Female,0,32,Yes,DSL,55.3,1793.02,No
CUST00815,Female,1,10,Yes,Fiber optic,83.39,872.67,No
CUST00816,Female,0,71,No,Fiber optic,57.47,4689.27,No
CUST00817,Female,0,3,Yes,DSL,81.11,248.41,Yes
CUST00818,Male,0,8,No,DSL,107.38,920.04,No
CUST00819,Female,0,4,Yes,No,90.35,342.61,Yes
CUST00820,Female,0,3,No,Fiber optic,87.43,241.93,Yes
CUST00821,Female,0,16,No,No,27.22,371.97,No
CUST00822,Male,0,64,Yes,Fiber optic,65.47,4045.88,No
CUST00823,Female,0,64,No,No,38.89,2615.4,No
CUST00824,Male,0,68,No,DSL,81.96,4997.61,No
CUST00825,Male,0,27,Yes,No,60.81,1518.8,No
CUST00826,Male,1,15,Yes,DSL,47.67,651.4,Yes
CUST00827,Male,1,10,Yes,Fiber optic,79.99,,Yes
CUST00828,Female,0,25,No,DSL,32.03,1010.84,No
CUST00829,Female,0,11,No,No,68.01,751.48,No
CUST00830,Male,0,44,Yes,Fiber optic,85.85,3858.56,No
CUST00831,Male,0,60,No,DSL,72.29,4805.1,No
CUST00832,Female,0,6,Yes,Fiber optic,62.26,319.28,Yes
CUST00833,Female,0,50,No,Fiber optic,74.19,4076.32,No
CUST00834,Female,0,30,No,Fiber optic,56.67,1470.31,No
CUST00835,Male,0,15,No,Fiber optic,45.3,656.58,No
CUST00836,Male,0,9,Yes,DSL,108.77,894.85,Yes
CUST00837,Female,1,70,Yes,DSL,59.41,4309.98,No
CUST00838,Female,1,18,Yes,No,54.89,1138.15,Yes
CUST00839,Male,0,49,No,No,72.7,3302.46,No
CUST00840,Female,0,12,No,Fiber optic,82.63,1005.94,No
CUST00841,Male,0,12,No,DSL,71.33,868.21,No
CUST00842,Male,0,21,Yes,No,43.94,1120.93,No
CUST00843,Male,1,27,No,DSL,86.63,2078.32,No
CUST00844,Female,0,7,Yes,Fiber optic,108.05,812.26,Yes
CUST00845,Male,1,12,Yes,Fiber optic,33.99,308.78,Yes
CUST00846,Male,0,25,Yes,DSL,41.79,1271.56,No
CUST00847,Female,0,35,Yes,Fiber optic,39.8,1250.52,No
CUST00848,Male,1,72,No,DSL,54.07,3177.11,Yes
CUST00849,Female,1,56,Yes,DSL,87.74,,No
CUST00850,Female,0,63,Yes,No,95.22,6480.09,No
CUST00851,Female,0,22,Yes,DSL,78.07,1645.35,No
CUST00852,Female,0,65,Yes,Fiber optic,83.94,5719.37,No
CUST00853,Male,1,3,No,Fiber optic,82.17,222.42,No
CUST00854,Female,0,7,Yes,DSL,89.78,566.38,Yes
CUST00855,Male,0,2,Yes,No,92.3,185.77,Yes
CUST00856,Male,0,25,Yes,No,98.98,2609.96,No
CUST00857,Male,0,13,Yes,Fiber optic,49.06,705.22,No
CUST00858,Male,0,20,No,Fiber optic,61.44,1152.43,No
CUST00859,Male,0,42,No,DSL,77.52,,No
CUST00860,Female,1,52,No,Fiber optic,91.18,4753.46,No
CUST00861,Female,1,5,Yes,DSL,74.12,355.27,Yes
CUST00862,Female,0,69,Yes,No,75.67,4839.75,No
CUST00863,Female,0,0,No,DSL,79.18,,Yes
CUST00864,Male,0,10,Yes,Fiber optic,109.39,1023.73,Yes
CUST00865,Female,0,57,Yes,DSL,33.37,1632.53,No
CUST00866,Female,1,55,No,No,49.08,2619.16,No
CUST00867,Female,0,23,No,Fiber optic,24.63,524.91,No
CUST00868,Male,0,47,No,DSL,54.22,2520.44,No
CUST00869,Male,0,60,Yes,DSL,61.54,3632.51,No
CUST00870,Female,0,24,Yes,Fiber optic,41.22,905.05,Yes
CUST00871,Female,0,30,No,DSL,44.58,1599.92,No
CUST00872,Female,0,28,Yes,DSL,93.43,2407.35,No
CUST00873,Male,0,27,Yes,DSL,77.74,2302.42,No
CUST00874,Female,0,50,Yes,Fiber optic,92.22,4500.0,No
CUST00875,Male,0,2,Yes,Fiber optic,69.45,153.71,Yes
CUST00876,Male,0,52,Yes,Fiber optic,73.5,3667.04,No
CUST00877,Female,1,44,No,DSL,33.17,1028.97,Yes
CUST00878,Male,0,1,Yes,Fiber optic,66.08,64.22,Yes
CUST00879,Female,0,6,No,Fiber optic,109.84,608.19,No
CUST00880,Female,0,6,No,Fiber optic,81.58,,Yes
CUST00881,Male,0,71,No,Fiber optic,83.49,5447.14,Yes
CUST00882,Female,0,10,No,No,92.03,946.65,No
CUST00883,Female,0,71,No,Fiber optic,22.67,1208.49,No
CUST00884,Female,0,48,No,Fiber optic,96.07,4689.12,Yes
CUST00885,Male,0,51,No,Fiber optic,93.19,4872.97,No
CUST00886,Female,0,25,Yes,DSL,98.33,2682.09,No
CUST00887,Female,0,11,No,Fiber optic,91.76,915.75,Yes
CUST00888,Female,0,0,Yes,Fiber optic,98.17,,No
CUST00889,Female,0,49,No,Fiber optic,79.9,4164.11,Yes
CUST00890,Female,0,0,No,DSL,87.32,,No
CUST00891,Male,1,33,Yes,DSL,90.5,2802.29,No
CUST00892,Female,0,66,Yes,DSL,30.28,,No
CUST00893,Male,1,13,Yes,DSL,43.58,501.74,No
CUST00894,Female,0,44,No,Fiber optic,88.63,3498.33,No
CUST00895,Female,0,23,No,No,68.34,1521.1,No
CUST00896,Female,0,38,Yes,No,50.19,1690.45,No
CUST00897,Female,0,2,No,Fiber optic,106.15,194.78,Yes
CUST00898,Male,0,0,Yes,DSL,66.75,,No
CUST00899,Female,0,21,Yes,Fiber optic,78.86,1821.4,No
CUST00900,Female,0,69,No,Fiber optic,86.46,6541.5,No
CUST00901,Male,0,69,Yes,DSL,58.11,4415.3,No
CUST00902,Male,0,22,Yes,DSL,57.59,1105.88,No
CUST00903,Male,0,6,No,DSL,71.36,396.05,No
CUST00904,Female,0,53,Yes,Fiber optic,50.35,2289.48,No
CUST00905,Female,1,37,No,Fiber optic,53.03,1708.78,Yes
CUST00906,Female,0,31,Yes,Fiber optic,63.16,1969.35,No
CUST00907,Female,0,6,Yes,Fiber optic,82.06,441.85,Yes
CUST00908,Male,0,10,Yes,DSL,92.93,980.25,No
CUST00909,Female,0,10,No,Fiber optic,82.84,904.38,Yes
CUST00910,Female,0,1,Yes,DSL,90.55,88.78,No
CUST00911,Male,0,10,No,Fiber optic,67.24,573.61,No
CUST00912,Female,1,30,Yes,Fiber optic,57.49,2001.15,Yes
CUST00913,Female,0,54,No,No,46.44,2853.19,No
CUST00914,Female,0,0,Yes,DSL,69.87,,No
CUST00915,Male,0,66,No,DSL,24.43,1096.15,No
CUST00916,Male,0,46,No,Fiber optic,61.1,3156.38,No
CUST00917,Female,0,72,No,Fiber optic,50.82,4106.1,No
CUST00918,Male,0,12,No,Fiber optic,43.71,642.38,No
CUST00919,Male,0,45,No,DSL,56.25,2200.31,No
CUST00920,Female,0,4,No,No,86.0,315.17,No
CUST00921,Male,0,23,No,DSL,60.01,,No
CUST00922,Female,1,29,Yes,Fiber optic,90.36,2358.55,No
CUST00923,Female,0,12,Yes,No,42.98,631.64,No
CUST00924,Female,0,9,Yes,Fiber optic,62.57,524.81,Yes
CUST00925,Male,0,34,No,Fiber optic,28.57,970.65,No
CUST00926,Male,0,60,No,Fiber optic,84.37,5157.24,No
CUST00927,Male,0,68,Yes,No,48.05,2799.61,No
CUST00928,Male,1,16,Yes,No,59.81,1112.67,No
CUST00929,Female,0,2,No,Fiber optic,97.52,197.53,Yes
CUST00930,Female,0,8,No,Fiber optic,99.55,770.56,Yes
CUST00931,Male,0,12,Yes,DSL,41.2,558.82,No
CUST00932,Female,0,67,Yes,Fiber optic,39.72,2494.55,No
CUST00933,Male,0,60,No,Fiber optic,70.72,3920.67,No
CUST00934,Female,1,3,Yes,No,72.23,215.73,No
CUST00935,Male,1,3,No,No,64.27,211.55,No
CUST00936,Female,0,15,No,Fiber optic,49.98,634.73,Yes
CUST00937,Male,0,32,Yes,No,47.59,1825.11,No
CUST00938,Female,1,11,No,DSL,98.67,1014.01,Yes
CUST00939,Male,0,50,Yes,DSL,41.23,2417.28,No
CUST00940,Male,0,8,Yes,Fiber optic,97.69,828.75,No
CUST00941,Female,0,63,Yes,Fiber optic,92.0,5468.7,No
CUST00942,Male,0,18,No,DSL,88.06,1433.1,No
CUST00943,Female,0,7,No,No,98.38,714.99,Yes
CUST00944,Female,0,12,No,Fiber optic,76.78,920.97,Yes
CUST00945,Female,0,1,No,Fiber optic,102.4,101.23,No
CUST00946,Female,0,40,No,DSL,34.61,1172.1,No
CUST00947,Female,1,9,No,No,65.11,510.85,No
CUST00948,Male,0,15,No,DSL,63.44,1040.86,No
CUST00949,Female,0,5,No,DSL,79.91,444.05,Yes
CUST00950,Male,0,54,Yes,Fiber optic,66.28,3254.11,No
CUST00951,Male,0,16,Yes,Fiber optic,88.36,1355.74,Yes
CUST00952,Male,1,31,No,DSL,49.41,1773.37,No
CUST00953,Male,0,24,Yes,Fiber optic,71.53,1550.43,No
CUST00954,Female,0,5,No,Fiber optic,66.1,328.39,Yes
CUST00955,Female,1,25,No,DSL,49.91,1473.93,No
CUST00956,Female,0,26,Yes,Fiber optic,60.88,1589.89,No
CUST00957,Male,1,6,Yes,Fiber optic,97.42,,Yes
CUST00958,Male,0,14,Yes,Fiber optic,44.25,499.04,Yes
CUST00959,Male,1,34,Yes,Fiber optic,26.97,880.67,Yes
CUST00960,Male,0,3,Yes,DSL,85.59,275.01,No
CUST00961,Female,1,20,Yes,Fiber optic,35.56,878.97,Yes
CUST00962,Female,0,55,No,DSL,67.44,3999.04,No
CUST00963,Female,0,22,Yes,No,50.49,1204.52,No
CUST00964,Male,0,4,Yes,Fiber optic,102.6,372.12,No
CUST00965,Female,0,27,No,DSL,23.78,841.29,No
CUST00966,Male,0,9,Yes,Fiber optic,92.52,762.94,No
CUST00967,Male,0,5,Yes,DSL,100.15,481.63,Yes
CUST00968,Male,0,69,No,DSL,83.52,5132.54,No
CUST00969,Male,1,1,No,Fiber optic,104.95,110.56,No
CUST00970,Female,1,37,Yes,No,89.76,3598.71,No
CUST00971,Male,1,61,Yes,DSL,46.55,2918.15,No
CUST00972,Male,0,12,Yes,No,84.29,936.52,No
CUST00973,Female,0,46,Yes,No,67.37,2961.23,No
CUST00974,Male,0,7,No,No,99.43,656.28,Yes
CUST00975,Female,0,48,No,Fiber optic,71.94,3924.05,Yes
CUST00976,Male,0,12,Yes,DSL,80.94,929.0,No
CUST00977,Male,0,6,Yes,DSL,79.51,449.81,Yes
CUST00978,Female,0,57,No,Fiber optic,54.05,3300.06,Yes
CUST00979,Female,0,33,Yes,Fiber optic,22.66,432.03,Yes
CUST00980,Female,0,39,Yes,Fiber optic,46.5,1768.81,Yes
CUST00981,Female,0,35,Yes,DSL,92.02,3555.64,No
CUST00982,Female,1,31,No,Fiber optic,79.23,2249.32,Yes
CUST00983,Male,0,12,No,Fiber optic,95.5,1098.87,No
CUST00984,Female,0,12,Yes,Fiber optic,55.41,603.76,Yes
CUST00985,Male,1,9,Yes,DSL,98.79,967.93,No
CUST00986,Female,1,54,No,No,95.16,5530.27,No
CUST00987,Female,0,61,Yes,Fiber optic,80.91,4395.42,Yes
CUST00988,Male,0,14,No,No,96.49,1396.28,No
CUST00989,Female,0,7,Yes,Fiber optic,92.05,650.71,Yes
CUST00990,Female,0,34,No,DSL,25.1,646.19,No
CUST00991,Male,1,13,Yes,Fiber optic,37.97,,Yes
CUST00992,Male,0,24,Yes,Fiber optic,96.52,2448.16,Yes
CUST00993,Female,1,69,No,Fiber optic,49.1,2912.15,Yes
CUST00994,Male,0,38,Yes,DSL,46.49,1726.37,No
CUST00995,Female,1,1,Yes,Fiber optic,80.23,70.87,Yes
CUST00996,Male,0,5,No,DSL,72.6,404.07,No
CUST00997,Male,0,2,No,No,64.02,140.85,No
CUST00998,Female,0,37,Yes,DSL,27.08,814.93,No
CUST00999,Female,0,36,No,Fiber optic,64.42,,Yes
CUST01000,Male,1,72,No,DSL,49.01,3598.7,No
